{
  "classes": [
    {
      "type_name": "棋牌",
      "type_id": "棋牌"
    },
   {
      "type_name": "围棋",
      "type_id": "围棋"
    },
    {
      "type_name": "国际象棋",
      "type_id": "国际象棋"
    },
    {
      "type_name": "象棋",
      "type_id": "象棋"
    },
    {
      "type_name": "五子棋",
      "type_id": "五子棋"
    },
    {
      "type_name": "军旗",
      "type_id": "军旗"
    },

{
      "type_name": "飞行棋",
      "type_id": "飞行棋"
    },
    {
      "type_name": "跳棋",
      "type_id": "跳棋"
    },
    
     {
      "type_name": "斗兽棋",
      "type_id": "斗兽棋"
    },
     {
      "type_name": "连连看",
      "type_id": "连连看"
    },
     {
      "type_name": "麻将",
      "type_id": "麻将教学"
    },
     {
      "type_name": "四川麻将",
      "type_id": "四川麻将教学"
    },
    {
      "type_name": "国际麻将",
      "type_id": "国际麻将教学"
    },
    {
      "type_name": "台湾麻将",
      "type_id": "台湾麻将教学"
    },
    {
      "type_name": "欢乐麻将",
      "type_id": "欢乐麻将教学"
    },
    {
      "type_name": "二八杠",
      "type_id": "二八杠"
    },
    {
      "type_name": "斗地主",
      "type_id": "斗地主"
    },
    {
      "type_name": "炸金花",
      "type_id": "炸金花"
    },
    
    {
      "type_name": "梭哈",
      "type_id": "梭哈"
    },

    
      
     {
      "type_name": "80分",
      "type_id": "80分升级棋牌"
    },
     {
      "type_name": "拱猪",
      "type_id": "拱猪"
    },
    {
      "type_name": "锄大地",
      "type_id": "锄大地棋牌"
    },
    {
      "type_name": "跑胡子",
      "type_id": "跑胡子"
    },
    {
      "type_name": "三打一",
      "type_id": "三打一棋牌"
    },
    {
      "type_name": "干瞪眼",
      "type_id": "干瞪眼"
    },
    {
      "type_name": "双扣",
      "type_id": "双扣"
    }, {
      "type_name": "打滚子",
      "type_id": "打滚子棋牌"
    }
  ],
  
  "cookie": "buvid3=0C0EAA18-337F-AAF2-24AE-056923FB837C49297infoc; bsource=search_baidu; _uuid=101C54512-F10CA-4636-B765-4EE8FE39894951470infoc; buvid4=FFAF1612-66B0-CAC0-5CF3-1455817C5C6851611-123090815-uk4%2FG28K78zhW9xeZbPKMgakoJaD5BH70OPlgUluoy%2BvEotkFzXwug%3D%3D; buvid_fp=cd8bc9cd00c18c6d5cd995c568d3d4ac; b_nut=100; b_lsid=5E9416B1_18A74EC1183; SESSDATA=0898d2cb%2C1709730921%2C4c18d%2A91; bili_jct=6300e6743ab4df4c31586c71597478e3; DedeUserID=1958790055; DedeUserID__ckMd5=317ab4d7713cf829; sid=6411ch5c; rpdid=0zbfVFT5WN|C5GmE9v7|21C|3w1QEBl6",
  "filter": {
   

"棋牌": [
{"key": "order","name": "排序","value": [
{"n": "综合排序","v": "0"},
{"n": "最多点击","v": "click"},
{"n": "最新发布","v": "pubdate"},
{"n": "最多弹幕","v": "dm"},
{"n": "最多收藏","v": "stow"}
]
},
{"key": "duration","name": "时长","value": [
{"n": "全部时长","v": "0"},
{"n": "60分钟以上","v": "4"},
{"n": "30~60分钟","v": "3"},
{"n": "10~30分钟","v": "2"},
{"n": "10分钟以下","v": "1"}
]
},
{"key": "tids","name": "分类","value": [
{"n": "全部","v": "棋牌"},
{"n": "围棋","v": "围棋"},
{"n": "五子棋","v": "五子棋"},

{"n": "麻将","v": "麻将"},
{"n": "国际象棋","v": "国际象棋"},
{"n": "象棋","v": "象棋"}


]
}
],


"围棋": [
{"key": "order","name": "排序","value": [
{"n": "综合排序","v": "0"},
{"n": "最多点击","v": "click"},
{"n": "最新发布","v": "pubdate"},
{"n": "最多弹幕","v": "dm"},
{"n": "最多收藏","v": "stow"}
]
},
{"key": "duration","name": "时长","value": [
{"n": "全部时长","v": "0"},
{"n": "60分钟以上","v": "4"},
{"n": "30~60分钟","v": "3"},
{"n": "10~30分钟","v": "2"},
{"n": "10分钟以下","v": "1"}

]
}
],



"五子棋": [
{"key": "order","name": "排序","value": [
{"n": "综合排序","v": "0"},
{"n": "最多点击","v": "click"},
{"n": "最新发布","v": "pubdate"},
{"n": "最多弹幕","v": "dm"},
{"n": "最多收藏","v": "stow"}
]
},
{"key": "duration","name": "时长","value": [
{"n": "全部时长","v": "0"},
{"n": "60分钟以上","v": "4"},
{"n": "30~60分钟","v": "3"},
{"n": "10~30分钟","v": "2"},
{"n": "10分钟以下","v": "1"}

]
}
],


"国际象棋": [
{"key": "order","name": "排序","value": [
{"n": "综合排序","v": "0"},
{"n": "最多点击","v": "click"},
{"n": "最新发布","v": "pubdate"},
{"n": "最多弹幕","v": "dm"},
{"n": "最多收藏","v": "stow"}
]
},
{"key": "duration","name": "时长","value": [
{"n": "全部时长","v": "0"},
{"n": "60分钟以上","v": "4"},
{"n": "30~60分钟","v": "3"},
{"n": "10~30分钟","v": "2"},
{"n": "10分钟以下","v": "1"}

]
}
],

"象棋": [
{"key": "order","name": "排序","value": [
{"n": "综合排序","v": "0"},
{"n": "最多点击","v": "click"},
{"n": "最新发布","v": "pubdate"},
{"n": "最多弹幕","v": "dm"},
{"n": "最多收藏","v": "stow"}
]
},
{"key": "duration","name": "时长","value": [
{"n": "全部时长","v": "0"},
{"n": "60分钟以上","v": "4"},
{"n": "30~60分钟","v": "3"},
{"n": "10~30分钟","v": "2"},
{"n": "10分钟以下","v": "1"}

]
}
],

"麻将": [
{"key": "order","name": "排序","value": [
{"n": "综合排序","v": "0"},
{"n": "最多点击","v": "click"},
{"n": "最新发布","v": "pubdate"},
{"n": "最多弹幕","v": "dm"},
{"n": "最多收藏","v": "stow"}
]
},
{"key": "duration","name": "时长","value": [
{"n": "全部时长","v": "0"},
{"n": "60分钟以上","v": "4"},
{"n": "30~60分钟","v": "3"},
{"n": "10~30分钟","v": "2"},
{"n": "10分钟以下","v": "1"}

]
}
]
  }
}