{
  "classes": [
    {
      "type_name": "梅西",
      "type_id": "梅西"
    },
    
 {
      "type_name": "C罗",
      "type_id": "C罗"
    },
    {
      "type_name": "罗纳尔多",
      "type_id": "罗纳尔多"
    },
    {
      "type_name": "亨利",
      "type_id": "亨利"
    },
    {
      "type_name": "小罗",
      "type_id": "小罗"
    },
    {
      "type_name": "齐达内",
      "type_id": "齐达内"
    },
    {
      "type_name": "贝克汉姆",
      "type_id": "贝克汉姆"
    },

 {
      "type_name": "内马尔",
      "type_id": "内马尔"
    },
    {
      "type_name": "德布劳内",
      "type_id": "德布劳内"
    },
    {
      "type_name": "欧冠",
      "type_id": "欧冠"
    },
    {
      "type_name": "世界杯",
      "type_id": "世界杯"
    },
    {
      "type_name": "西甲",
      "type_id": "西甲"
    },
    {
      "type_name": "英超",
      "type_id": "英超"
    },

 {
      "type_name": "意甲",
      "type_id": "意甲"
    },
    {
      "type_name": "德甲",
      "type_id": "德甲"
    },
    {
      "type_name": "国米",
      "type_id": "国米"
    },
    {
      "type_name": "皇马",
      "type_id": "皇马"
    },
    {
      "type_name": "巴萨",
      "type_id": "巴萨"
    },

    {
      "type_name": "巴黎圣日耳曼",
      "type_id": "巴黎圣日耳曼"
    },
    {
      "type_name": "曼联",
      "type_id": "曼联"
    },
    {
      "type_name": "曼城",
      "type_id": "曼城"
    },
    {
      "type_name": "巴萨",
      "type_id": "巴萨"
    },

  

    {
      "type_name": "C罗",
      "type_id": "C罗"
    }
    
  
  ],
  
"cookie": "buvid3=0C0EAA18-337F-AAF2-24AE-056923FB837C49297infoc; bsource=search_baidu; _uuid=101C54512-F10CA-4636-B765-4EE8FE39894951470infoc; buvid4=FFAF1612-66B0-CAC0-5CF3-1455817C5C6851611-123090815-uk4%2FG28K78zhW9xeZbPKMgakoJaD5BH70OPlgUluoy%2BvEotkFzXwug%3D%3D; buvid_fp=cd8bc9cd00c18c6d5cd995c568d3d4ac; b_nut=100; b_lsid=5E9416B1_18A74EC1183; SESSDATA=0898d2cb%2C1709730921%2C4c18d%2A91; bili_jct=6300e6743ab4df4c31586c71597478e3; DedeUserID=1958790055; DedeUserID__ckMd5=317ab4d7713cf829; sid=6411ch5c; rpdid=0zbfVFT5WN|C5GmE9v7|21C|3w1QEBl6",
//"cookie":"_uuid=5E4B2B98-1014A-84D8-FA33-EC210C5BEC10DA82367infoc; buvid3=E9D0A426-85E9-E6C7-C75E-206A3E1BEB4D81910infoc; b_nut=1666168082; buvid4=4FC87B9C-3540-2275-688C-8612D3EA719B81910-022101916-ZLe640jXRAMHySuaCe9aUw==; rpdid=|(k|u)YYm)uY0J'uYYYuY)uuu; i-wanna-go-back=-1; fingerprint=9c214a6da0197a48e576ccf22e9f0ac7; buvid_fp_plain=undefined; nostalgia_conf=-1; DedeUserID=3493076028885079; DedeUserID__ckMd5=60a8757a1f4d6ae9; buvid_fp=9c214a6da0197a48e576ccf22e9f0ac7; CURRENT_QUALITY=80; b_ut=5; PVID=2; bp_video_offset_3493076028885079=undefined; bsource=search_google; SESSDATA=42b8ada6,1683277266,4bd05*b2; bili_jct=2dbe39aea02b41324395630a24d4775f; sid=89gnel66; innersign=0; b_lsid=9EF63922_1844D55A286; CURRENT_FNVAL=4048",
  
  "filter": {
    "搞笑": [
      {
        "key": "duration",
        "name": "时长",
        "value": [
          {
            "n": "全部",
            "v": "0"
          },
          {
            "n": "60分钟以上",
            "v": "4"
          },
          {
            "n": "30~60分钟",
            "v": "3"
          },
          {
            "n": "10~30分钟",
            "v": "2"
          },
          {
            "n": "10分钟以下",
            "v": "1"
          }
        ]
      }
    ],
    "TVBox": [
      {
        "key": "duration",
        "name": "时长",
        "value": [
          {
            "n": "全部",
            "v": "0"
          },
          {
            "n": "60分钟以上",
            "v": "4"
          },
          {
            "n": "30~60分钟",
            "v": "3"
          },
          {
            "n": "10~30分钟",
            "v": "2"
          },
          {
            "n": "10分钟以下",
            "v": "1"
          }
        ]
      }
    ],
    "球星": [
      {
        "key": "tid",
        "name": "分类",
        "value": [
          {
            "n": "全部",
            "v": "球星"
          },
          {
            "n": "梅西",
            "v": "梅西"
          },
          {
            "n": "C罗",
            "v": "C罗"
          },
          {
            "n": "天下足球",
            "v": "天下足球"
          },
          {
            "n": "罗纳尔多",
            "v": "罗纳尔多"
          },
          {
            "n": "亨利",
            "v": "亨利"
          },
          {
            "n": "小罗",
            "v": "小罗"
          },
          {
            "n": "齐达内",
            "v": "齐达内"
          },
          {
            "n": "贝克汉姆",
            "v": "贝克汉姆"
          },
          {
            "n": "内马尔",
            "v": "内马尔"
          },
          {
            "n": "德布劳内",
            "v": "德布劳内"
          },
          {
            "n": "欧冠",
            "v": "欧冠"
          },
          {
            "n": "世界杯",
            "v": "世界杯"
          },
          {
            "n": "西甲",
            "v": "西甲"
          },
          {
            "n": "英超",
            "v": "英超"
          },
          {
            "n": "意甲",
            "v": "意甲"
          },
          {
            "n": "德甲",
            "v": "德甲"
          },
          {
            "n": "国米",
            "v": "国米"
          },
          {
            "n": "皇马",
            "v": "皇马"
          },
          {
            "n": "巴萨",
            "v": "巴萨"
          },
          {
            "n": "巴黎圣日耳曼",
            "v": "巴黎圣日耳曼"
          },
          {
            "n": "曼联",
            "v": "曼联"
          },
          {
            "n": "曼城",
            "v": "曼城"
          },
          {
            "n": "NBA",
            "v": "NBA"
          },
          {
            "n": "詹姆斯",
            "v": "詹姆斯"
          },
          {
            "n": "库里",
            "v": "库里"
          },
          {
            "n": "杜兰特",
            "v": "杜兰特"
          },
          {
            "n": "UFC",
            "v": "UFC"
          },
          {
            "n": "斯诺克",
            "v": "斯诺克"
          },
          {
            "n": "网球",
            "v": "网球"
          },
          {
            "n": "F1",
            "v": "F1"
          },
          {
            "n": "高尔夫",
            "v": "高尔夫"
          }
        ]
      },
      {
        "key": "duration",
        "name": "时长",
        "value": [
          {
            "n": "全部",
            "v": "0"
          },
          {
            "n": "60分钟以上",
            "v": "4"
          },
          {
            "n": "30~60分钟",
            "v": "3"
          },
          {
            "n": "10~30分钟",
            "v": "2"
          },
          {
            "n": "10分钟以下",
            "v": "1"
          }
        ]
      }
    ]
  }
}