{
  "classes": [
  {
      "type_name": "小姐姐合集",
      "type_id": "小姐姐超清"
    },
    {
      "type_name": "国内小姐姐",
      "type_id": "国内小姐姐超清"
    },
    {
      "type_name": "韩国小姐姐",
      "type_id": "韩国小姐姐超清"
    },
   {
      "type_name": "日本小姐姐",
      "type_id": "日本小姐姐超清"
    },
    {
      "type_name": "人间胸器小姐姐",
      "type_id": "人间胸器小姐姐超清"
    },
    {
      "type_name": "性感小姐姐",
      "type_id": "性感小姐姐超清"
    },
    {
      "type_name": "俄罗斯小姐姐",
      "type_id": "俄罗斯小姐姐超清"
    },
        {
      "type_name": "混血小姐姐",
      "type_id": "混血小姐姐超清"
    },
        {
      "type_name": "越南小姐姐",
      "type_id": "越南小姐姐超清"
    },
        {
      "type_name": "抖音热门小姐姐",
      "type_id": "抖音热门小姐姐"
    },
        {
      "type_name": "快手热门美女",
      "type_id": "快手热门美女"
    },
        {
      "type_name": "打碟小姐姐",
      "type_id": "打碟小姐姐超清"
    },
        {
      "type_name": "冲浪小姐姐",
      "type_id": "冲浪小姐姐超清"
    },
        {
      "type_name": "蹦迪小姐姐",
      "type_id": "蹦迪小姐姐超清"
    },
  {
      "type_name": "艺校小姐姐",
      "type_id": "艺校小姐姐超清"
    },
    {
      "type_name": "环球小姐",
      "type_id": "环球小姐"
    },
        {
      "type_name": "泰国人妖",
      "type_id": "泰国人妖超清"
    }
    

    ],
    
  "cookie": "buvid3=0C0EAA18-337F-AAF2-24AE-056923FB837C49297infoc; bsource=search_baidu; _uuid=101C54512-F10CA-4636-B765-4EE8FE39894951470infoc; buvid4=FFAF1612-66B0-CAC0-5CF3-1455817C5C6851611-123090815-uk4%2FG28K78zhW9xeZbPKMgakoJaD5BH70OPlgUluoy%2BvEotkFzXwug%3D%3D; buvid_fp=cd8bc9cd00c18c6d5cd995c568d3d4ac; b_nut=100; b_lsid=5E9416B1_18A74EC1183; SESSDATA=0898d2cb%2C1709730921%2C4c18d%2A91; bili_jct=6300e6743ab4df4c31586c71597478e3; DedeUserID=1958790055; DedeUserID__ckMd5=317ab4d7713cf829; sid=6411ch5c; rpdid=0zbfVFT5WN|C5GmE9v7|21C|3w1QEBl6",

  "filter": {
"小姐姐超清": [
{"key": "order","name": "排序","value": [
{"n": "综合排序","v": "0"},
{"n": "最多点击","v": "click"},
{"n": "最新发布","v": "pubdate"},
{"n": "最多弹幕","v": "dm"},
{"n": "最多收藏","v": "stow"}
]
},


{"key": "duration","name": "时长","value": [
{"n": "全部时长","v": "0"},
{"n": "60分钟以上","v": "4"},
{"n": "30~60分钟","v": "3"},
{"n": "10~30分钟","v": "2"},
{"n": "10分钟以下","v": "1"}

]}
],
  "国内小姐姐超清":[
{"key": "order","name": "排序","value": [
{"n": "综合排序","v": "0"},
{"n": "最多点击","v": "click"},
{"n": "最新发布","v": "pubdate"},
{"n": "最多弹幕","v": "dm"},
{"n": "最多收藏","v": "stow"}
]
},

{"key":"duration","name":"时长","value":[
{"n":"全部","v":"0"},
{"n":"60分钟以上","v":"4"},
{"n":"30~60分钟","v":"3"},
{"n":"10~30分钟","v":"2"},
{"n":"10分钟以下","v":"1"}
]}
],

  "韩国小姐姐超清":[
{"key": "order","name": "排序","value": [
{"n": "综合排序","v": "0"},
{"n": "最多点击","v": "click"},
{"n": "最新发布","v": "pubdate"},
{"n": "最多弹幕","v": "dm"},
{"n": "最多收藏","v": "stow"}
]
},

{"key":"duration","name":"时长","value":[
{"n":"全部","v":"0"},
{"n":"60分钟以上","v":"4"},
{"n":"30~60分钟","v":"3"},
{"n":"10~30分钟","v":"2"},
{"n":"10分钟以下","v":"1"}
]}
],

  "日本小姐姐超清":[
{"key": "order","name": "排序","value": [
{"n": "综合排序","v": "0"},
{"n": "最多点击","v": "click"},
{"n": "最新发布","v": "pubdate"},
{"n": "最多弹幕","v": "dm"},
{"n": "最多收藏","v": "stow"}
]
},

{"key":"duration","name":"时长","value":[
{"n":"全部","v":"0"},
{"n":"60分钟以上","v":"4"},
{"n":"30~60分钟","v":"3"},
{"n":"10~30分钟","v":"2"},
{"n":"10分钟以下","v":"1"}
]}
],

  "人间胸器小姐姐超清":[
{"key": "order","name": "排序","value": [
{"n": "综合排序","v": "0"},
{"n": "最多点击","v": "click"},
{"n": "最新发布","v": "pubdate"},
{"n": "最多弹幕","v": "dm"},
{"n": "最多收藏","v": "stow"}
]
},

{"key":"duration","name":"时长","value":[
{"n":"全部","v":"0"},
{"n":"60分钟以上","v":"4"},
{"n":"30~60分钟","v":"3"},
{"n":"10~30分钟","v":"2"},
{"n":"10分钟以下","v":"1"}
]}
],

  "性感小姐姐超清":[
{"key": "order","name": "排序","value": [
{"n": "综合排序","v": "0"},
{"n": "最多点击","v": "click"},
{"n": "最新发布","v": "pubdate"},
{"n": "最多弹幕","v": "dm"},
{"n": "最多收藏","v": "stow"}
]
},

{"key":"duration","name":"时长","value":[
{"n":"全部","v":"0"},
{"n":"60分钟以上","v":"4"},
{"n":"30~60分钟","v":"3"},
{"n":"10~30分钟","v":"2"},
{"n":"10分钟以下","v":"1"}
]}
],

  "俄罗斯小姐姐超清":[
{"key": "order","name": "排序","value": [
{"n": "综合排序","v": "0"},
{"n": "最多点击","v": "click"},
{"n": "最新发布","v": "pubdate"},
{"n": "最多弹幕","v": "dm"},
{"n": "最多收藏","v": "stow"}
]
},

{"key":"duration","name":"时长","value":[
{"n":"全部","v":"0"},
{"n":"60分钟以上","v":"4"},
{"n":"30~60分钟","v":"3"},
{"n":"10~30分钟","v":"2"},
{"n":"10分钟以下","v":"1"}
]}
],

  "混血小姐姐超清":[
{"key": "order","name": "排序","value": [
{"n": "综合排序","v": "0"},
{"n": "最多点击","v": "click"},
{"n": "最新发布","v": "pubdate"},
{"n": "最多弹幕","v": "dm"},
{"n": "最多收藏","v": "stow"}
]
},

{"key":"duration","name":"时长","value":[
{"n":"全部","v":"0"},
{"n":"60分钟以上","v":"4"},
{"n":"30~60分钟","v":"3"},
{"n":"10~30分钟","v":"2"},
{"n":"10分钟以下","v":"1"}
]}
],

  "越南小姐姐超清":[
{"key": "order","name": "排序","value": [
{"n": "综合排序","v": "0"},
{"n": "最多点击","v": "click"},
{"n": "最新发布","v": "pubdate"},
{"n": "最多弹幕","v": "dm"},
{"n": "最多收藏","v": "stow"}
]
},

{"key":"duration","name":"时长","value":[
{"n":"全部","v":"0"},
{"n":"60分钟以上","v":"4"},
{"n":"30~60分钟","v":"3"},
{"n":"10~30分钟","v":"2"},
{"n":"10分钟以下","v":"1"}
]}
],

  "抖音热门小姐姐":[
{"key": "order","name": "排序","value": [
{"n": "综合排序","v": "0"},
{"n": "最多点击","v": "click"},
{"n": "最新发布","v": "pubdate"},
{"n": "最多弹幕","v": "dm"},
{"n": "最多收藏","v": "stow"}
]
},

{"key":"duration","name":"时长","value":[
{"n":"全部","v":"0"},
{"n":"60分钟以上","v":"4"},
{"n":"30~60分钟","v":"3"},
{"n":"10~30分钟","v":"2"},
{"n":"10分钟以下","v":"1"}
]}
],

  "快手热门美女":[
{"key": "order","name": "排序","value": [
{"n": "综合排序","v": "0"},
{"n": "最多点击","v": "click"},
{"n": "最新发布","v": "pubdate"},
{"n": "最多弹幕","v": "dm"},
{"n": "最多收藏","v": "stow"}
]
},

{"key":"duration","name":"时长","value":[
{"n":"全部","v":"0"},
{"n":"60分钟以上","v":"4"},
{"n":"30~60分钟","v":"3"},
{"n":"10~30分钟","v":"2"},
{"n":"10分钟以下","v":"1"}
]}
],

  "打碟小姐姐超清":[
{"key": "order","name": "排序","value": [
{"n": "综合排序","v": "0"},
{"n": "最多点击","v": "click"},
{"n": "最新发布","v": "pubdate"},
{"n": "最多弹幕","v": "dm"},
{"n": "最多收藏","v": "stow"}
]
},

{"key":"duration","name":"时长","value":[
{"n":"全部","v":"0"},
{"n":"60分钟以上","v":"4"},
{"n":"30~60分钟","v":"3"},
{"n":"10~30分钟","v":"2"},
{"n":"10分钟以下","v":"1"}
]}
],

  "冲浪小姐姐超清":[
{"key": "order","name": "排序","value": [
{"n": "综合排序","v": "0"},
{"n": "最多点击","v": "click"},
{"n": "最新发布","v": "pubdate"},
{"n": "最多弹幕","v": "dm"},
{"n": "最多收藏","v": "stow"}
]
},

{"key":"duration","name":"时长","value":[
{"n":"全部","v":"0"},
{"n":"60分钟以上","v":"4"},
{"n":"30~60分钟","v":"3"},
{"n":"10~30分钟","v":"2"},
{"n":"10分钟以下","v":"1"}
]}
],

  "蹦迪小姐姐超清":[
{"key": "order","name": "排序","value": [
{"n": "综合排序","v": "0"},
{"n": "最多点击","v": "click"},
{"n": "最新发布","v": "pubdate"},
{"n": "最多弹幕","v": "dm"},
{"n": "最多收藏","v": "stow"}
]
},

{"key":"duration","name":"时长","value":[
{"n":"全部","v":"0"},
{"n":"60分钟以上","v":"4"},
{"n":"30~60分钟","v":"3"},
{"n":"10~30分钟","v":"2"},
{"n":"10分钟以下","v":"1"}
]}
],

  "艺校小姐姐超清":[
{"key": "order","name": "排序","value": [
{"n": "综合排序","v": "0"},
{"n": "最多点击","v": "click"},
{"n": "最新发布","v": "pubdate"},
{"n": "最多弹幕","v": "dm"},
{"n": "最多收藏","v": "stow"}
]
},

{"key":"duration","name":"时长","value":[
{"n":"全部","v":"0"},
{"n":"60分钟以上","v":"4"},
{"n":"30~60分钟","v":"3"},
{"n":"10~30分钟","v":"2"},
{"n":"10分钟以下","v":"1"}
]}
],

  "环球小姐":[
{"key": "order","name": "排序","value": [
{"n": "综合排序","v": "0"},
{"n": "最多点击","v": "click"},
{"n": "最新发布","v": "pubdate"},
{"n": "最多弹幕","v": "dm"},
{"n": "最多收藏","v": "stow"}
]
},

{"key":"duration","name":"时长","value":[
{"n":"全部","v":"0"},
{"n":"60分钟以上","v":"4"},
{"n":"30~60分钟","v":"3"},
{"n":"10~30分钟","v":"2"},
{"n":"10分钟以下","v":"1"}
]}
],

  "泰国人妖超清":[
{"key": "order","name": "排序","value": [
{"n": "综合排序","v": "0"},
{"n": "最多点击","v": "click"},
{"n": "最新发布","v": "pubdate"},
{"n": "最多弹幕","v": "dm"},
{"n": "最多收藏","v": "stow"}
]
},

{"key":"duration","name":"时长","value":[
{"n":"全部","v":"0"},
{"n":"60分钟以上","v":"4"},
{"n":"30~60分钟","v":"3"},
{"n":"10~30分钟","v":"2"},
{"n":"10分钟以下","v":"1"}
]}
]

}}