{
  "classes": [
  {
      "type_name": "8K资源合集",
      "type_id": "8K"
    },
    {
      "type_name": "热舞8K",
      "type_id": "热舞8K"
    },
    {
      "type_name": "制服美女8K",
      "type_id": "制服美女8K"
    },
   {
      "type_name": "影视歌曲8K",
      "type_id": "影视歌曲8K"
    },
    {
      "type_name": "性感小姐姐8K",
      "type_id": "性感小姐姐8K"
    },
    {
      "type_name": "3D动漫8K",
      "type_id": "3D动漫8K"
    },
    {
      "type_name": "风景8K",
      "type_id": "风景8K"
    }

    ],


"cookie": "buvid3=0C0EAA18-337F-AAF2-24AE-056923FB837C49297infoc; bsource=search_baidu; _uuid=101C54512-F10CA-4636-B765-4EE8FE39894951470infoc; buvid4=FFAF1612-66B0-CAC0-5CF3-1455817C5C6851611-123090815-uk4%2FG28K78zhW9xeZbPKMgakoJaD5BH70OPlgUluoy%2BvEotkFzXwug%3D%3D; buvid_fp=cd8bc9cd00c18c6d5cd995c568d3d4ac; b_nut=100; b_lsid=5E9416B1_18A74EC1183; SESSDATA=0898d2cb%2C1709730921%2C4c18d%2A91; bili_jct=6300e6743ab4df4c31586c71597478e3; DedeUserID=1958790055; DedeUserID__ckMd5=317ab4d7713cf829; sid=6411ch5c; rpdid=0zbfVFT5WN|C5GmE9v7|21C|3w1QEBl6",

  "filter": {"8K": [
{"key": "order","name": "排序","value": [
{"n": "综合排序","v": "0"},
{"n": "最多点击","v": "click"},
{"n": "最新发布","v": "pubdate"},
{"n": "最多弹幕","v": "dm"},
{"n": "最多收藏","v": "stow"}
]
},
  {"key": "tid","name": "分类","value": [
          {
            "n": "热舞8K",
            "v": "热舞8K"
          },
           {
            "n": "制服美女8K",
            "v": "制服美女8K"
          },
          {
            "n": "影视歌曲8K",
            "v": "影视歌曲8K"
            },
           {
            "n": "性感小姐姐8K",
            "v": "性感小姐姐8K"
          },
          {
            "n": "3D动漫8K",
            "v": "3D动漫8K"
          },
          {
            "n": "风景8K",
            "v": "风景8K"
          }
            ]
            },

{"key": "duration","name": "时长","value": [
{"n": "全部时长","v": "0"},
{"n": "60分钟以上","v": "4"},
{"n": "30~60分钟","v": "3"},
{"n": "10~30分钟","v": "2"},
{"n": "10分钟以下","v": "1"}

]}]
}}
