{
  "classes": [
  {
      "type_name": "车模",
      "type_id": "车模"
    },
    {
      "type_name": "中国车模",
      "type_id": "中国车模"
    },
    {
      "type_name": "韩国车模",
      "type_id": "韩国车模"
    },
   {
      "type_name": "日本车模",
      "type_id": "日本车模"
    },
    {
      "type_name": "欧美车模",
      "type_id": "欧美车模"
    },
    {
      "type_name": "俄罗斯车模",
      "type_id": "俄罗斯车模"
    },
    {
      "type_name": "印度车模",
      "type_id": "印度车模"
    },
   {
      "type_name": "越南车模",
      "type_id": "越南车模"
    },
    {
      "type_name":"吾爱评测整理",
      "type_id": "吾爱评测"
    }

    ],
    
 "cookie": "buvid3=0C0EAA18-337F-AAF2-24AE-056923FB837C49297infoc; bsource=search_baidu; _uuid=101C54512-F10CA-4636-B765-4EE8FE39894951470infoc; buvid4=FFAF1612-66B0-CAC0-5CF3-1455817C5C6851611-123090815-uk4%2FG28K78zhW9xeZbPKMgakoJaD5BH70OPlgUluoy%2BvEotkFzXwug%3D%3D; buvid_fp=cd8bc9cd00c18c6d5cd995c568d3d4ac; b_nut=100; b_lsid=5E9416B1_18A74EC1183; SESSDATA=0898d2cb%2C1709730921%2C4c18d%2A91; bili_jct=6300e6743ab4df4c31586c71597478e3; DedeUserID=1958790055; DedeUserID__ckMd5=317ab4d7713cf829; sid=6411ch5c; rpdid=0zbfVFT5WN|C5GmE9v7|21C|3w1QEBl6",


  "filter": {"车模": [
{"key": "order","name": "排序","value": [
{"n": "综合排序","v": "0"},
{"n": "最多点击","v": "click"},
{"n": "最新发布","v": "pubdate"},
{"n": "最多弹幕","v": "dm"},
{"n": "最多收藏","v": "stow"}
]
},
   {"key": "tid","name": "分类","value": [
          {
            "n": "全部",
            "v": "车模4K"
          },
          {
            "n": "国内车模",
            "v": "国内车模"
          },
           {
            "n": "韩国车模",
            "v": "韩国车模"
          },
          {
            "n": "日本车模",
            "v": "日本车模"
            },

           {
            "n": "欧美车模",
            "v": "欧美车模"
          },
          {
            "n": "俄罗斯车模",
            "v": "俄罗斯车模"
          },
          {
            "n": "印度车模",
            "v": "印度车模"
          },
          {
            "n": "越南车模",
            "v": "越南车模"
          },
          
          {
            "n": "韩国许允美",
            "v": "韩国许允美车模超清"
          },
          
          {
            "n": "韩国宋姝儿",
            "v": "韩国宋姝儿车模超清"
          },
          
          {
            "n": "韩国金达娜",
            "v": "韩国金达娜车模超清"
          },
          
          {
            "n": "韩国金夏律",
            "v": "韩国金夏律车模超清"
          },
          
           {
            "n": "韩国洪智妍",
            "v": "韩国洪智妍车模超清"
          },
          
           {
            "n": "韩国安娜京",
            "v": "韩国安娜京车模超清"
          },
          
           {
            "n": "韩国金夏律",
            "v": "韩国金夏律车模超清"
          },
          
            {
            "n": "韩国南素拉",
            "v": "韩国南素拉车模超清"
          }
            ]
            },

{"key": "duration","name": "时长","value": [
{"n": "全部时长","v": "0"},
{"n": "60分钟以上","v": "4"},
{"n": "30~60分钟","v": "3"},
{"n": "10~30分钟","v": "2"},
{"n": "10分钟以下","v": "1"}

]}
]}
}
