{
  "classes": [

    
 {
      "type_name": "VLOOKUP",
      "type_id": "VLOOKUP"
    },
    {
      "type_name": "VLOOKUP技巧",
      "type_id": "VLOOKUP技巧"
    },
    {
      "type_name": "VLOOKUP教程",
      "type_id": "VLOOKUP教程"
    },
    {
      "type_name": "VLOOKUP公式",
      "type_id": "VLOOKUP公式"
    },
    {
      "type_name": "VLOOKUP常用",
      "type_id": "VLOOKUP常用"
    },
    {
      "type_name": "VLOOKUP组合",
      "type_id": "VLOOKUP组合"
    },

 {
      "type_name": "VLOOKUP视频",
      "type_id": "VLOOKUP视频"
    },
    {
      "type_name": "VLOOKUP高级",
      "type_id": "VLOOKUP高级"
    },
    {
      "type_name": "VLOOKUP用法",
      "type_id": "VLOOKUP用法"
    },
    {
      "type_name": "数据透视表",
      "type_id": "数据透视表"
    },
    {
      "type_name": "数据透视表高阶用法",
      "type_id": "数据透视表高阶用法"
    },
    {
      "type_name": "数据透视表技巧",
      "type_id": "数据透视表技巧"
    }
  ],
  
"cookie": "buvid3=0C0EAA18-337F-AAF2-24AE-056923FB837C49297infoc; bsource=search_baidu; _uuid=101C54512-F10CA-4636-B765-4EE8FE39894951470infoc; buvid4=FFAF1612-66B0-CAC0-5CF3-1455817C5C6851611-123090815-uk4%2FG28K78zhW9xeZbPKMgakoJaD5BH70OPlgUluoy%2BvEotkFzXwug%3D%3D; buvid_fp=cd8bc9cd00c18c6d5cd995c568d3d4ac; b_nut=100; b_lsid=5E9416B1_18A74EC1183; SESSDATA=0898d2cb%2C1709730921%2C4c18d%2A91; bili_jct=6300e6743ab4df4c31586c71597478e3; DedeUserID=1958790055; DedeUserID__ckMd5=317ab4d7713cf829; sid=6411ch5c; rpdid=0zbfVFT5WN|C5GmE9v7|21C|3w1QEBl6",
  
  
  "filter": {
    "搞笑": [
      {
        "key": "duration",
        "name": "时长",
        "value": [
          {
            "n": "全部",
            "v": "0"
          },
          {
            "n": "60分钟以上",
            "v": "4"
          },
          {
            "n": "30~60分钟",
            "v": "3"
          },
          {
            "n": "10~30分钟",
            "v": "2"
          },
          {
            "n": "10分钟以下",
            "v": "1"
          }
        ]
      }
    ]
  }
}