{
  "classes": [

    {
      "type_name": "Photoshop",
      "type_id": "Adobe Photoshop"
    },
    {
      "type_name": "Illustrator",
      "type_id": "Adobe Illustrator"
    },
    {
      "type_name": "Audition",
      "type_id": "Adobe Audition"
    },
   {
      "type_name": "Acrobat",
      "type_id": "Adobe Acrobat"
    },
    {
      "type_name": "Dreamweaver",
      "type_id": "Dreamweaver"
    },
    {
      "type_name": "Animate",
      "type_id": "Adobe Animate"
    },
    {
      "type_name": "After Effects",
      "type_id": "Adobe After Effects"
    },
 {
      "type_name": "Premiere Pro",
      "type_id": "Adobe Premiere Pro"
    },
  {
      "type_name": "Adobe AIR",
      "type_id": "Adobe AIR"
    },
    {
      "type_name": "Adobe LightRoom",
      "type_id": "Adobe LightRoom"
    },
 {
      "type_name": "Adobe fuse",
      "type_id": "Adobe fuse"
    },

 {
      "type_name": "Adobe XD",
      "type_id": "Adobe XD"
    },
    {
      "type_name": "Adobe AIR",
      "type_id": "Adobe AIR"
    }
    

  ],
  
"cookie": "buvid3=0C0EAA18-337F-AAF2-24AE-056923FB837C49297infoc; bsource=search_baidu; _uuid=101C54512-F10CA-4636-B765-4EE8FE39894951470infoc; buvid4=FFAF1612-66B0-CAC0-5CF3-1455817C5C6851611-123090815-uk4%2FG28K78zhW9xeZbPKMgakoJaD5BH70OPlgUluoy%2BvEotkFzXwug%3D%3D; buvid_fp=cd8bc9cd00c18c6d5cd995c568d3d4ac; b_nut=100; b_lsid=5E9416B1_18A74EC1183; SESSDATA=0898d2cb%2C1709730921%2C4c18d%2A91; bili_jct=6300e6743ab4df4c31586c71597478e3; DedeUserID=1958790055; DedeUserID__ckMd5=317ab4d7713cf829; sid=6411ch5c; rpdid=0zbfVFT5WN|C5GmE9v7|21C|3w1QEBl6",

  
  "filter": {


"Adobe Photoshop": [
{"key": "order","name": "排序","value": [
{"n": "综合排序","v": "0"},
{"n": "最多点击","v": "click"},
{"n": "最新发布","v": "pubdate"},
{"n": "最多弹幕","v": "dm"},
{"n": "最多收藏","v": "stow"}
]
},
   {
        "key": "tid",
        "name": "分类",
        "value": [
          {
            "n": "安装",
            "v": "Adobe Photoshop安装"
          },
           {
            "n": "基础",
            "v": "Adobe Photoshop基础"
          },
          {
            "n": "进阶",
            "v": "Adobe Photoshop进阶"
            },

               {
            "n": "技巧",
            "v": "Adobe Photoshop技巧"
          }
            ]
            },

{"key": "duration","name": "时长","value": [
{"n": "全部时长","v": "0"},
{"n": "60分钟以上","v": "4"},
{"n": "30~60分钟","v": "3"},
{"n": "10~30分钟","v": "2"},
{"n": "10分钟以下","v": "1"}

]
}
],


"Adobe Illustrator": [
{"key": "order","name": "排序","value": [
{"n": "综合排序","v": "0"},
{"n": "最多点击","v": "click"},
{"n": "最新发布","v": "pubdate"},
{"n": "最多弹幕","v": "dm"},
{"n": "最多收藏","v": "stow"}
]
},
   {
        "key": "tid",
        "name": "分类",
        "value": [
          {
            "n": "安装",
            "v": "Adobe Illustrator安装"
          },
           {
            "n": "基础",
            "v": "Adobe Illustrator基础"
          },
          {
            "n": "进阶",
            "v": "Adobe Illustrator进阶"
            },

               {
            "n": "技巧",
            "v": "Adobe Illustrator技巧"
          }   
           ]
            },
        

{"key": "duration","name": "时长","value": [
{"n": "全部时长","v": "0"},
{"n": "60分钟以上","v": "4"},
{"n": "30~60分钟","v": "3"},
{"n": "10~30分钟","v": "2"},
{"n": "10分钟以下","v": "1"}

]}
]
}}
