 {
 "cookie": "buvid3=0C0EAA18-337F-AAF2-24AE-056923FB837C49297infoc; bsource=search_baidu; _uuid=101C54512-F10CA-4636-B765-4EE8FE39894951470infoc; buvid4=FFAF1612-66B0-CAC0-5CF3-1455817C5C6851611-123090815-uk4%2FG28K78zhW9xeZbPKMgakoJaD5BH70OPlgUluoy%2BvEotkFzXwug%3D%3D; buvid_fp=cd8bc9cd00c18c6d5cd995c568d3d4ac; b_nut=100; b_lsid=5E9416B1_18A74EC1183; SESSDATA=0898d2cb%2C1709730921%2C4c18d%2A91; bili_jct=6300e6743ab4df4c31586c71597478e3; DedeUserID=1958790055; DedeUserID__ckMd5=317ab4d7713cf829; sid=6411ch5c; rpdid=0zbfVFT5WN|C5GmE9v7|21C|3w1QEBl6",
     "classes": [
{
         "type_name": "MT管理器",
         "type_id": "MT管理器"
     }, {
         "type_name": "网盘挂载",
         "type_id": "网盘挂载"
     }, {
         "type_name": "alist+WebDav",
         "type_id": "alist+WebDav"
     }, {
         "type_name": "Photoshop",
         "type_id": "PS教程"
     },{
         "type_name": "EXCEL",
         "type_id": "EXCEL教程"
     }, {
         "type_name": "office",
         "type_id": "office教程"
     }, {
         "type_name": "WPS",
         "type_id": "WPS教程"
     }, {
         "type_name": "Studio one",
         "type_id": "Studio one教程"
     }, {
         "type_name": "声卡调试",
         "type_id": "声卡调试"
     }, {
         "type_name": "Git入门到精通",
         "type_id": "Git入门到精通"
     }
]
     }
 }