{
    "规则名": "看美剧",
    "规则作者": "cz",
    "请求头参数": "手机",
    "网页编码格式": "UTF-8",
    "图片是否需要代理": "0",
    "是否开启获取首页数据": "0",
    "首页推荐链接": "https://www.kmeiju.com",
    "首页列表数组规则": ".video-content&&.row",
    "首页片单列表数组规则": "",
    "首页片单是否Jsoup写法": "1",
    "分类起始页码": "1",
    "分类链接": "https://www.kmeiju.com/Kanshow/{cateId}-{area}-{by}-{class}-{lang}-------{year}/",
    "分类名称": "剧集&电影&番剧&纪录&短片", 
    "分类名称替换词": "2&1&4&39&41",
    "筛选数据": "ext",
    //{class}
    "筛选类型名称": "NETFLIX&BBC&HBO&HULU&ONE&喜剧&犯罪&剧情&惊悚&恐怖&悬疑&奇幻&动作&科幻&冒险||动作&喜剧&爱情&犯罪&剧情&惊悚&恐怖&悬疑&奇幻&动作&科幻&冒险&家庭&灾难&同性&BBC&HBO&HULU&ONE&NETFLIX||NETFLIX&喜剧&犯罪&剧情&冒险&惊悚&恐怖&悬疑&奇幻&动作&科幻&运动||真人秀&纪录片&纪录片人物&NETFLIX&BBC&自然&历史&探索||爱情&动作&喜剧&战争&科幻&剧情&武侠&冒险&枪战&恐怖&微电影&其它",
    "筛选类型替换词": "*",
    //{area}
    "筛选地区名称": "中国大陆&韩国&美国&泰国&英国&中国香港&中国台湾&日本&新加坡&内地&大陆&其他||大陆&香港&台湾&美国&法国&英国&日本&韩国&德国&泰国&印度&意大利&西班牙&加拿大&其他||日本&大陆&韩国&香港&台湾&美国&英国&新加坡&其他&泰国||大陆&内地&韩国&香港&台湾&日本&美国&泰国&英国&新加坡&其他||大陆&香港&台湾&美国&日本&英国&其它",
    "筛选地区替换词": "*",
    //{year}
    "筛选年份名称": "2023&2022&2021&2020&2019&2018&2017&2016&2015&2014&2013&2012&2011&2010||2023&2022&2021&2020&2019&2018&2017&2016&2015&2014&2013&2012&2011&2010&2009&2008&2007&2006&2005||2023&2022&2021&2020&2019||2023&2022&2021&2020&2019&2018&2017&2016&2015&2014&2013&2012&2011&2010&2009&2008&2006&2005&2004||2023&2022&2021&2020&2019&2018&2017&2016&2015&2014&2013&2012&2011&2010",
    "筛选年份替换词": "*",
    //{lang}
    "筛选语言名称": "国语&英语&粤语&闽南语&韩语&日语&其它||国语&英语&粤语&闽南语&韩语&日语&法语&德语&其它||国语&英语&粤语&闽南语&韩语&日语&其它||国语&英语&粤语&闽南语&韩语&日语&其它||国语&英语&粤语&闽南语&韩语&日语&法语&德语&其它",
    "筛选语言替换词": "*",
    //{by}
    "筛选排序名称": "时间&人气&评分",
    "筛选排序替换词": "time&hits&score",
    "分类截取模式": "1",
    "分类列表数组规则": ".video-content&&.row&&div:has(.video-content-item)",
    "分类片单是否Jsoup写法": "1",
    "分类片单标题": ".video-name&&Text",
    "分类片单链接": "a&&href",
    "分类片单图片": ".lazyload&&data-original",
    "分类片单副标题": ".video-title.text-nowrap&&Text",
    "分类片单链接加前缀": "https://www.kmeiju.com",
    "分类片单链接加后缀": "",
    "搜索请求头参数": "User-Agent$手机",
    "搜索链接": "https://www.kmeiju.com/Kansearch/-------------/?wd={wd}",
    "POST请求数据": "",
    "搜索截取模式": "1",
    "搜索列表数组规则": "body&&.post-list",
    "搜索片单是否Jsoup写法": "1",
    "搜索片单图片": ".lazyload&&data-original",
    "搜索片单标题": ".block-fea&&title",
    "搜索片单链接": ".block-fea&&href",
    "搜索片单副标题": "header&&Text",
    "搜索片单链接加前缀": "https://www.kmeiju.com",
    "搜索片单链接加后缀": "",
    "链接是否直接播放": "0",
    "直接播放链接加前缀": "",
    "直接播放链接加后缀": "#isVideo=true#",
    "直接播放直链视频请求头": "",
    "详情是否Jsoup写法": "1",
"类型详情": "p:contains(类型：)&&Text!类型：",
"年代详情": "p:contains(年份：)&&Text!年份：",
"地区详情": "p:contains(地区：)&&Text!地区：",
"演员详情": "p:contains(演员：)&&Text!演员：",//&&p:eq(1)&&Text!主演：
"简介详情": ".entry-content&&Text",
    "线路列表数组规则": ".ewave-playlist-tab&&li",
    "线路标题": "a&&Text",
    "播放列表数组规则": "div&&.row.ewave-tab-content",
    "选集列表数组规则": "li",
    "选集标题链接是否Jsoup写法": "1",
    "选集标题": "a&&Text",
    "选集链接": "a&&href",
    "是否反转选集序列": "0",
    "选集链接加前缀": "https://www.kmeiju.com",
    "选集链接加后缀": "",
    "分析MacPlayer": "2",
    "是否开启手动嗅探": "0",
    "手动嗅探视频链接关键词": ".mp4#.m3u8#.flv",
    "手动嗅探视频链接过滤词": ".html#=http"
}